Activo,ActivoIndex,Ingles,Software,Perforación,Terminación,Reparación,Completo
Bellota-Jujo,0,56.66666667,48.33333333,81.70343137,80.9375,78.85416667,69.29901961
Samaria-Luna,1,56.66666667,45.71428571,73.767507,77.02380952,70.86309524,64.80707283
Cinco-Presidentes,2,56.66666667,24.76190476,68.44257703,76.25,67.46428571,58.71708683
Macuspana,3,48.57142857,51.42857143,78.86554622,78.03571429,76.875,66.7552521
