CursoIP,CursoIPIndex,Ingles,Software,Perforacion,Terminacion,Reparacion,Completo
NO,0,55.51724138,37.24137931,73.53144016,81.07758621,74.90517241,64.45456389
SI,1,56.13636364,43.63636364,76.52139037,76.27840909,71.89204545,64.89291444
