DM,DMIndex,CursoIP,Ingles,Software,Perforación,Terminación,Reparación,Completo
DM1,1,60,56.25,46,77.95441177,80.40625,74.696875,67.06150735
DM2,2,60.60606061,55.45454545,35.15151515,72.15686275,75.49242424,71.14015152,61.87909982
