DM,DMIndex,CursoIP,Ingles,Software,Perforacion,Terminacion,Reparacion,Completo
DM1,1,60,56.25,46,76.97333333,81.3,75.925,66.07472222
DM2,2,60.60606061,55.45454545,35.15151515,71.19393939,75.93939394,72.23905724,61.7640853
