Activo,ActivoIndex,CursoIP,Ingles,Software,Perforacion,Terminacion,Reparacion,Completo
Bellota-Jujo,0,62.5,56.66666667,48.33333333,81.44444444,81.04166667,79.62962963,68.26929012
Samaria-Luna,1,61.9047619,56.66666667,45.71428571,72.79365079,77.57142857,72.14285714,64.46560847
Cinco-Presidentes,2,52.38095238,56.66666667,24.76190476,66.65079365,77.42857143,69.03703704,57.82098765
Macuspana,3,71.42857143,48.57142857,51.42857143,77.9047619,79.71428571,77.85714286,67.81746032
